origin_revision	source_path	match_kind	disposition	vendored_path	sha256	license_basis	rationale	vendored_sha256
247954da5326ecc29724067da7b5880c352fe4ff	Angelscript/Source/AngelscriptCode/Public/angelscript.h	exact	vendored_exact	vendor/unreangel/include/angelscript.h	87361f9270cea956510b915f86809b3b65501f9ec04d47808981a13d12d99a83	zlib	byte-exact modified AngelScript compiler core
247954da5326ecc29724067da7b5880c352fe4ff	Angelscript/Source/AngelscriptCode/Public/source/as_array.h	exact	vendored_exact	vendor/unreangel/source/as_array.h	29ed25fb8e4a2c67dbff4e074e1965ffa433b2dd2943a22559b760b0f2aa6e0a	zlib	byte-exact modified AngelScript compiler core
247954da5326ecc29724067da7b5880c352fe4ff	Angelscript/Source/AngelscriptCode/Public/source/as_atomic.cpp	exact	vendored_exact	vendor/unreangel/source/as_atomic.cpp	1f1a419924e57505409e1e5bd88b0ae83f7eb7f4d6462e13f5413b343991259a	zlib	byte-exact modified AngelScript compiler core
247954da5326ecc29724067da7b5880c352fe4ff	Angelscript/Source/AngelscriptCode/Public/source/as_atomic.h	exact	vendored_exact	vendor/unreangel/source/as_atomic.h	ccbb86beca8590be5c0b9005c6e2482d598741c3f9e8c3ff7e3dd5d4d479c243	zlib	byte-exact modified AngelScript compiler core
247954da5326ecc29724067da7b5880c352fe4ff	Angelscript/Source/AngelscriptCode/Public/source/as_builder.cpp	exact	vendored_modified	vendor/unreangel/source/as_builder.cpp	f07bffdeb4e1b4048b7af314db7adfcbbb8a189a3868e431780d3320d795e36d	zlib	half-open editor-only code range aligned with captured donor behavior	1800bbe95b5f11b026a409e2b000346442f0ea33fca3c126742368e428ac37c7
247954da5326ecc29724067da7b5880c352fe4ff	Angelscript/Source/AngelscriptCode/Public/source/as_builder.h	exact	vendored_exact	vendor/unreangel/source/as_builder.h	02273db2af02931b14ca98714dbb5062a4d9cabf91faef52ed9e0aa324ddacb6	zlib	byte-exact modified AngelScript compiler core
247954da5326ecc29724067da7b5880c352fe4ff	Angelscript/Source/AngelscriptCode/Public/source/as_bytecode.cpp	exact	vendored_exact	vendor/unreangel/source/as_bytecode.cpp	32188ec69d8ab138eeede8ee0b2598f185bdb69e5f30e0bf230b6b91a4c9a1b0	zlib	byte-exact modified AngelScript compiler core
247954da5326ecc29724067da7b5880c352fe4ff	Angelscript/Source/AngelscriptCode/Public/source/as_bytecode.h	exact	vendored_exact	vendor/unreangel/source/as_bytecode.h	1100fddab9493b684a83edb84e77f9133eb74e13a0ea0c046abeb1d39f3d2efe	zlib	byte-exact modified AngelScript compiler core
247954da5326ecc29724067da7b5880c352fe4ff	Angelscript/Source/AngelscriptCode/Public/source/as_callfunc.cpp	exact	vendored_exact	vendor/unreangel/source/as_callfunc.cpp	a341cc35c2c5b714ca008c83157de4152910fec65f64845c50ec87886f66f987	zlib	byte-exact modified AngelScript compiler core
247954da5326ecc29724067da7b5880c352fe4ff	Angelscript/Source/AngelscriptCode/Public/source/as_callfunc.h	exact	vendored_exact	vendor/unreangel/source/as_callfunc.h	b25a484012b8b0e2935ed16605c37107f716b22e702d2d5fc08883c71f65bc64	zlib	byte-exact modified AngelScript compiler core
247954da5326ecc29724067da7b5880c352fe4ff	Angelscript/Source/AngelscriptCode/Public/source/as_compiler.cpp	exact	vendored_exact	vendor/unreangel/source/as_compiler.cpp	011492632fc6b36a0506276bd514e38bc79c18495c901cbb8b6e44e0eeb7273a	zlib	byte-exact modified AngelScript compiler core
247954da5326ecc29724067da7b5880c352fe4ff	Angelscript/Source/AngelscriptCode/Public/source/as_compiler.h	exact	vendored_exact	vendor/unreangel/source/as_compiler.h	12ff9982fc5b6f742a4e8deb8bbbf2899da5f1ebf8193bb5683d0c35b3b02619	zlib	byte-exact modified AngelScript compiler core
247954da5326ecc29724067da7b5880c352fe4ff	Angelscript/Source/AngelscriptCode/Public/source/as_config.h	exact	vendored_exact	vendor/unreangel/source/as_config.h	21818bafff0797f87bff78e29cba7595ae8c11946cfe17957a7f3c266d40a7d7	zlib	byte-exact modified AngelScript compiler core
247954da5326ecc29724067da7b5880c352fe4ff	Angelscript/Source/AngelscriptCode/Public/source/as_configgroup.cpp	exact	vendored_exact	vendor/unreangel/source/as_configgroup.cpp	62d52228d7d00a1c5efa9aef7b0e5ec1654365fac2be251a7a6b42fb97750a06	zlib	byte-exact modified AngelScript compiler core
247954da5326ecc29724067da7b5880c352fe4ff	Angelscript/Source/AngelscriptCode/Public/source/as_configgroup.h	exact	vendored_exact	vendor/unreangel/source/as_configgroup.h	4717007311f2514aefbd26213e5c008eac32d8ffcfa2854d95909dc78e0b39c7	zlib	byte-exact modified AngelScript compiler core
247954da5326ecc29724067da7b5880c352fe4ff	Angelscript/Source/AngelscriptCode/Public/source/as_context.cpp	exact	vendored_exact	vendor/unreangel/source/as_context.cpp	e32f9ea562e6c3a14a02850857960ca515c860042eab23d48d18af1e48d3f0b5	zlib	byte-exact modified AngelScript compiler core
247954da5326ecc29724067da7b5880c352fe4ff	Angelscript/Source/AngelscriptCode/Public/source/as_context.h	exact	vendored_exact	vendor/unreangel/source/as_context.h	8baefc905bd71e83bb1bf414cee3cafd7433fffd0beb86b43a7afe56cc779977	zlib	byte-exact modified AngelScript compiler core
247954da5326ecc29724067da7b5880c352fe4ff	Angelscript/Source/AngelscriptCode/Public/source/as_criticalsection.h	exact	vendored_exact	vendor/unreangel/source/as_criticalsection.h	8fb6196bf083631a6e689656c125d52f04dd4ca6147e6c1e2d622f26107f961d	zlib	byte-exact modified AngelScript compiler core
247954da5326ecc29724067da7b5880c352fe4ff	Angelscript/Source/AngelscriptCode/Public/source/as_datatype.cpp	exact	vendored_exact	vendor/unreangel/source/as_datatype.cpp	25eeb1f0ce982432e5178362d30df836c71aca22e7df4eea02146ee41f42ba73	zlib	byte-exact modified AngelScript compiler core
247954da5326ecc29724067da7b5880c352fe4ff	Angelscript/Source/AngelscriptCode/Public/source/as_datatype.h	exact	vendored_exact	vendor/unreangel/source/as_datatype.h	a75e5cce30b304ae4823b83c24823cf4f40f29aedb82f438d0ac63fa44ad1789	zlib	byte-exact modified AngelScript compiler core
247954da5326ecc29724067da7b5880c352fe4ff	Angelscript/Source/AngelscriptCode/Public/source/as_debug.h	exact	vendored_exact	vendor/unreangel/source/as_debug.h	c34a3905aad00b2d23fbec4a60048415e011b5ffc13cdafbfa538b52d668f6d1	zlib	byte-exact modified AngelScript compiler core
247954da5326ecc29724067da7b5880c352fe4ff	Angelscript/Source/AngelscriptCode/Public/source/as_gc.cpp	exact	vendored_exact	vendor/unreangel/source/as_gc.cpp	e5c8c974123f6872ec2b64b36d9b94baba59487a4ad184052aa25416b8bd8417	zlib	byte-exact modified AngelScript compiler core
247954da5326ecc29724067da7b5880c352fe4ff	Angelscript/Source/AngelscriptCode/Public/source/as_gc.h	exact	vendored_exact	vendor/unreangel/source/as_gc.h	c99ef9108a0e7934808e0809ab86f2a5f3ffbcf7f13ee4a56841def361238d9c	zlib	byte-exact modified AngelScript compiler core
247954da5326ecc29724067da7b5880c352fe4ff	Angelscript/Source/AngelscriptCode/Public/source/as_generic.cpp	exact	vendored_exact	vendor/unreangel/source/as_generic.cpp	3133802de27e2b567ae2c284ee70d26ea9b6fec49fa8942d7086ad9055b5170c	zlib	byte-exact modified AngelScript compiler core
247954da5326ecc29724067da7b5880c352fe4ff	Angelscript/Source/AngelscriptCode/Public/source/as_generic.h	exact	vendored_exact	vendor/unreangel/source/as_generic.h	e1725ddfcc0135e510d4f589e481a848e252218e068bf2c113ec5e35895a7f88	zlib	byte-exact modified AngelScript compiler core
247954da5326ecc29724067da7b5880c352fe4ff	Angelscript/Source/AngelscriptCode/Public/source/as_globalproperty.cpp	exact	vendored_exact	vendor/unreangel/source/as_globalproperty.cpp	783a925ac5e7a33937ceca1be6234a7764856324c3eec651b0aca133b18c8e4b	zlib	byte-exact modified AngelScript compiler core
247954da5326ecc29724067da7b5880c352fe4ff	Angelscript/Source/AngelscriptCode/Public/source/as_map.h	exact	vendored_exact	vendor/unreangel/source/as_map.h	da5bf1d67ab19b0112422157d8ae60ca3138377133d627e891bc8fca18dfaa46	zlib	byte-exact modified AngelScript compiler core
247954da5326ecc29724067da7b5880c352fe4ff	Angelscript/Source/AngelscriptCode/Public/source/as_memory.cpp	exact	vendored_exact	vendor/unreangel/source/as_memory.cpp	f1977b0f63fa341497a8e950681aaab84e150af12d23f64e52b91f03e6571b2a	zlib	byte-exact modified AngelScript compiler core
247954da5326ecc29724067da7b5880c352fe4ff	Angelscript/Source/AngelscriptCode/Public/source/as_memory.h	exact	vendored_exact	vendor/unreangel/source/as_memory.h	144ead7d890ed5358880a3343a9f609cc953335b29105745b9707b2c25b4ad55	zlib	byte-exact modified AngelScript compiler core
247954da5326ecc29724067da7b5880c352fe4ff	Angelscript/Source/AngelscriptCode/Public/source/as_module.cpp	exact	vendored_exact	vendor/unreangel/source/as_module.cpp	132c9f6552963dbf2be0299e1510e9e43861d5b4bbe0373561f043bb92c05f62	zlib	byte-exact modified AngelScript compiler core
247954da5326ecc29724067da7b5880c352fe4ff	Angelscript/Source/AngelscriptCode/Public/source/as_module.h	exact	vendored_exact	vendor/unreangel/source/as_module.h	97013ef2734f9b4284f896a94ac4d416c349b51da286e2577efda35f4673280e	zlib	byte-exact modified AngelScript compiler core
247954da5326ecc29724067da7b5880c352fe4ff	Angelscript/Source/AngelscriptCode/Public/source/as_namespace.h	exact	vendored_exact	vendor/unreangel/source/as_namespace.h	07eba96041bec9637c2cab8aa99c37e05416c022866a4eb9418d54727106ee78	zlib	byte-exact modified AngelScript compiler core
247954da5326ecc29724067da7b5880c352fe4ff	Angelscript/Source/AngelscriptCode/Public/source/as_objecttype.cpp	exact	vendored_exact	vendor/unreangel/source/as_objecttype.cpp	64757b71633307ebde6216ed38914d05817c77770c73abe78f20bd079dbd17d5	zlib	byte-exact modified AngelScript compiler core
247954da5326ecc29724067da7b5880c352fe4ff	Angelscript/Source/AngelscriptCode/Public/source/as_objecttype.h	exact	vendored_exact	vendor/unreangel/source/as_objecttype.h	d0b8e2f1d863c768e7c7f0bc67706533c86b07e334228c321dfddfc6539173ff	zlib	byte-exact modified AngelScript compiler core
247954da5326ecc29724067da7b5880c352fe4ff	Angelscript/Source/AngelscriptCode/Public/source/as_outputbuffer.cpp	exact	vendored_exact	vendor/unreangel/source/as_outputbuffer.cpp	00e6a12109ed5a699c6c5622352c3382c32b7502a420cf5cef528f45b37b1f92	zlib	byte-exact modified AngelScript compiler core
247954da5326ecc29724067da7b5880c352fe4ff	Angelscript/Source/AngelscriptCode/Public/source/as_outputbuffer.h	exact	vendored_exact	vendor/unreangel/source/as_outputbuffer.h	45182d485a1b73e9f6d16b82c3c943884b95cda938e8870aa43ca6e6fa85bd0e	zlib	byte-exact modified AngelScript compiler core
247954da5326ecc29724067da7b5880c352fe4ff	Angelscript/Source/AngelscriptCode/Public/source/as_parser.cpp	exact	vendored_exact	vendor/unreangel/source/as_parser.cpp	5be54c41f7710cb0b8276236886b8ba464219af6a2b23ec3862682f8ae4a0569	zlib	byte-exact modified AngelScript compiler core
247954da5326ecc29724067da7b5880c352fe4ff	Angelscript/Source/AngelscriptCode/Public/source/as_parser.h	exact	vendored_exact	vendor/unreangel/source/as_parser.h	b93fdb7f24455d3f386eee1fa878d2981f59bc57882626cae71bc083ab3bff2a	zlib	byte-exact modified AngelScript compiler core
247954da5326ecc29724067da7b5880c352fe4ff	Angelscript/Source/AngelscriptCode/Public/source/as_property.h	exact	vendored_exact	vendor/unreangel/source/as_property.h	a0a3b0056af186d56a08ab1d2d8619f7ed8c20e9a5fbd4dda131b5e987fa4da4	zlib	byte-exact modified AngelScript compiler core
247954da5326ecc29724067da7b5880c352fe4ff	Angelscript/Source/AngelscriptCode/Public/source/as_scriptcode.cpp	exact	vendored_exact	vendor/unreangel/source/as_scriptcode.cpp	4fc590ad92d176a589b4d4dd63633d156ce2ecd1100797cf1118600f273700ff	zlib	byte-exact modified AngelScript compiler core
247954da5326ecc29724067da7b5880c352fe4ff	Angelscript/Source/AngelscriptCode/Public/source/as_scriptcode.h	exact	vendored_exact	vendor/unreangel/source/as_scriptcode.h	ff3ef7c8361432a7d425da74f65487b85168de541bfc9c657e976e0c9d85ea1a	zlib	byte-exact modified AngelScript compiler core
247954da5326ecc29724067da7b5880c352fe4ff	Angelscript/Source/AngelscriptCode/Public/source/as_scriptengine.cpp	exact	vendored_modified	vendor/unreangel/source/as_scriptengine.cpp	39c361b401692af4a209b649953adc5e77ab5c977510eb5a1341a10dd7e4acaf	zlib	automatic-imports engine property exposed to the standalone frontend	2e280058afe0adb8e041b703e96d2632225f6292762fb8af3ec081fe3f9f3820
247954da5326ecc29724067da7b5880c352fe4ff	Angelscript/Source/AngelscriptCode/Public/source/as_scriptengine.h	exact	vendored_exact	vendor/unreangel/source/as_scriptengine.h	8f4f1c009fbf69213cf4986742cc0be28ed6dfa3e3ce21b3f9e8955134e0275f	zlib	byte-exact modified AngelScript compiler core
247954da5326ecc29724067da7b5880c352fe4ff	Angelscript/Source/AngelscriptCode/Public/source/as_scriptfunction.cpp	exact	vendored_exact	vendor/unreangel/source/as_scriptfunction.cpp	737f193e23dfa0c63b2d63df76a239ba6b89806bb54e5a240191be49e49a0715	zlib	byte-exact modified AngelScript compiler core
247954da5326ecc29724067da7b5880c352fe4ff	Angelscript/Source/AngelscriptCode/Public/source/as_scriptfunction.h	exact	vendored_exact	vendor/unreangel/source/as_scriptfunction.h	e1a4eee8c7cba2d6d79a76b6fe2d15bf1e04928d38589d01912e3804f0073159	zlib	byte-exact modified AngelScript compiler core
247954da5326ecc29724067da7b5880c352fe4ff	Angelscript/Source/AngelscriptCode/Public/source/as_scriptnode.cpp	exact	vendored_exact	vendor/unreangel/source/as_scriptnode.cpp	efb9d833aa4daa9498ebc42c4d836cb634b31773b2a8f71417faebbe8159b47a	zlib	byte-exact modified AngelScript compiler core
247954da5326ecc29724067da7b5880c352fe4ff	Angelscript/Source/AngelscriptCode/Public/source/as_scriptnode.h	exact	vendored_exact	vendor/unreangel/source/as_scriptnode.h	0f086f060135ee8a91b41dd7700bf1d0fc0122172c59ce7aba8addd8723a8949	zlib	byte-exact modified AngelScript compiler core
247954da5326ecc29724067da7b5880c352fe4ff	Angelscript/Source/AngelscriptCode/Public/source/as_scriptobject.cpp	exact	vendored_exact	vendor/unreangel/source/as_scriptobject.cpp	82afc10b10376251c67af4d6cdb57b46cebd3b21731889e486f630327fc1d390	zlib	byte-exact modified AngelScript compiler core
247954da5326ecc29724067da7b5880c352fe4ff	Angelscript/Source/AngelscriptCode/Public/source/as_scriptobject.h	exact	vendored_exact	vendor/unreangel/source/as_scriptobject.h	ed877c2bf2a314aff7eeceabbb484ec11d4d11eb9beaaf9112a927fdd533fed1	zlib	byte-exact modified AngelScript compiler core
247954da5326ecc29724067da7b5880c352fe4ff	Angelscript/Source/AngelscriptCode/Public/source/as_string_util.cpp	exact	vendored_exact	vendor/unreangel/source/as_string_util.cpp	ac0ceda4d49333baeed0d2e2ef0c09fa90d26e35f72e74e6f0456b3b650fee7a	zlib	byte-exact modified AngelScript compiler core
247954da5326ecc29724067da7b5880c352fe4ff	Angelscript/Source/AngelscriptCode/Public/source/as_string_util.h	exact	vendored_exact	vendor/unreangel/source/as_string_util.h	b59b1ce7bbe1d437e1cf045c5152fed1876b14cf59eb90533b7966b630443330	zlib	byte-exact modified AngelScript compiler core
247954da5326ecc29724067da7b5880c352fe4ff	Angelscript/Source/AngelscriptCode/Public/source/as_string.cpp	exact	vendored_exact	vendor/unreangel/source/as_string.cpp	a704db5ed74bf1077453625de111027ce5bbf5ff370a37ec35fa5f58efb30ef5	zlib	byte-exact modified AngelScript compiler core
247954da5326ecc29724067da7b5880c352fe4ff	Angelscript/Source/AngelscriptCode/Public/source/as_string.h	exact	vendored_exact	vendor/unreangel/source/as_string.h	7c26a531a022ab865eaf550ffbb4e9a1e05aac310417c4210baa46e392a2ab10	zlib	byte-exact modified AngelScript compiler core
247954da5326ecc29724067da7b5880c352fe4ff	Angelscript/Source/AngelscriptCode/Public/source/as_symboltable.h	exact	vendored_exact	vendor/unreangel/source/as_symboltable.h	fa7b75c4bf78e76daae375e06ba4a17361e98c9aafeaec3451aedc34e76c1e80	zlib	byte-exact modified AngelScript compiler core
247954da5326ecc29724067da7b5880c352fe4ff	Angelscript/Source/AngelscriptCode/Public/source/as_texts.h	exact	vendored_exact	vendor/unreangel/source/as_texts.h	241ae5edc4f87b0cee51ada820ce3085aaee32607fec916b2b87fed21b3977bd	zlib	byte-exact modified AngelScript compiler core
247954da5326ecc29724067da7b5880c352fe4ff	Angelscript/Source/AngelscriptCode/Public/source/as_thread.cpp	exact	vendored_exact	vendor/unreangel/source/as_thread.cpp	6cb2cebaea9c6964286eb3efa25e603ce658de1d847445ac358f380b3f25ac78	zlib	byte-exact modified AngelScript compiler core
247954da5326ecc29724067da7b5880c352fe4ff	Angelscript/Source/AngelscriptCode/Public/source/as_thread.h	exact	vendored_exact	vendor/unreangel/source/as_thread.h	415e95ee72fcaad1d71f2907a9a78f8dc6c3f1746f116b637b71103679ef8224	zlib	byte-exact modified AngelScript compiler core
247954da5326ecc29724067da7b5880c352fe4ff	Angelscript/Source/AngelscriptCode/Public/source/as_tokendef.h	exact	vendored_exact	vendor/unreangel/source/as_tokendef.h	9339704204d3d794e2eb3387fa86e4a528481106fe047df44a449dfbc45fb7ef	zlib	byte-exact modified AngelScript compiler core
247954da5326ecc29724067da7b5880c352fe4ff	Angelscript/Source/AngelscriptCode/Public/source/as_tokenizer.cpp	exact	vendored_exact	vendor/unreangel/source/as_tokenizer.cpp	1e2f6aace3be6b9b527b41269a811b35305c3f602e7e419531810c1701b6996f	zlib	byte-exact modified AngelScript compiler core
247954da5326ecc29724067da7b5880c352fe4ff	Angelscript/Source/AngelscriptCode/Public/source/as_tokenizer.h	exact	vendored_exact	vendor/unreangel/source/as_tokenizer.h	29648c6d62a1fa09bc81cda5ea75722f6f101df2806366348c1f9341adb4884c	zlib	byte-exact modified AngelScript compiler core
247954da5326ecc29724067da7b5880c352fe4ff	Angelscript/Source/AngelscriptCode/Public/source/as_typeinfo.cpp	exact	vendored_exact	vendor/unreangel/source/as_typeinfo.cpp	98fb341535d76b2575b2446b7616a2a692bf3709daa475aed9e6fba695f43daa	zlib	byte-exact modified AngelScript compiler core
247954da5326ecc29724067da7b5880c352fe4ff	Angelscript/Source/AngelscriptCode/Public/source/as_typeinfo.h	exact	vendored_exact	vendor/unreangel/source/as_typeinfo.h	5e3cd26deb7deacd49286051f7958b669808a6edba608f3c0d3f516d603afef1	zlib	byte-exact modified AngelScript compiler core
247954da5326ecc29724067da7b5880c352fe4ff	Angelscript/Source/AngelscriptCode/Public/source/as_variablescope.cpp	exact	vendored_exact	vendor/unreangel/source/as_variablescope.cpp	178b389ba2d2caabcfb2cff7b24b4e72e136a11d2e41e0d3f39a034a12191b1c	zlib	byte-exact modified AngelScript compiler core
247954da5326ecc29724067da7b5880c352fe4ff	Angelscript/Source/AngelscriptCode/Public/source/as_variablescope.h	exact	vendored_exact	vendor/unreangel/source/as_variablescope.h	b62c34a7d02c6fe39640e3e55051b3a1f8e1a9ebe3c4e6c6c9dfa995233770fc	zlib	byte-exact modified AngelScript compiler core
247954da5326ecc29724067da7b5880c352fe4ff	LICENSE.md	exact	vendored_notice	vendor/unreangel/UNREANGEL-LICENSE.md	e55bd23e07ed6bdd7b83478c5d6600b324d487df941c0e5b986263eb292a9f76	zlib+MIT	root upstream license notice retained byte-exact
247954da5326ecc29724067da7b5880c352fe4ff	Angelscript/Source/AngelscriptCode/Public/source/as_callfunc_arm_gcc.S	exact	excluded_platform	-	3a1fd690608d782ef0884b4f79616c7ced561a11b7dbf14a2cd06c662027e1d3	zlib	outside Windows-x64-MSVC target
247954da5326ecc29724067da7b5880c352fe4ff	Angelscript/Source/AngelscriptCode/Public/source/as_callfunc_arm_msvc.asm	exact	excluded_platform	-	556b93a530cf39d1f05c618a2a1b2ecd9d0bb3a8b2221f6dfaa1bd34adf77cfc	zlib	outside Windows-x64-MSVC target
247954da5326ecc29724067da7b5880c352fe4ff	Angelscript/Source/AngelscriptCode/Public/source/as_callfunc_arm_vita.S	exact	excluded_platform	-	31e19f7654957a6f953a077464269ab6130d6654b15207709fff9c22daac0330	zlib	outside Windows-x64-MSVC target
247954da5326ecc29724067da7b5880c352fe4ff	Angelscript/Source/AngelscriptCode/Public/source/as_callfunc_arm_xcode.s	exact	excluded_platform	-	63cd42fa3b1d816756220851e4ab85aad9456be5a3133ac0507174e5ca357d47	zlib	outside Windows-x64-MSVC target
247954da5326ecc29724067da7b5880c352fe4ff	Angelscript/Source/AngelscriptCode/Public/source/as_callfunc_arm.cpp	exact	excluded_platform	-	7c56bd2192bdae353ec5bb2e92b39653587d3c7df62b617d3a14354c2ac7e527	zlib	outside Windows-x64-MSVC target
247954da5326ecc29724067da7b5880c352fe4ff	Angelscript/Source/AngelscriptCode/Public/source/as_callfunc_mips.cpp	exact	excluded_platform	-	271cd9fdba07d7c802c649a3ef61ffba213a06dff45e0e0dc12ca5553852311a	zlib	outside Windows-x64-MSVC target
247954da5326ecc29724067da7b5880c352fe4ff	Angelscript/Source/AngelscriptCode/Public/source/as_callfunc_ppc_64.cpp	exact	excluded_platform	-	cb8c323460a715eeee203d11f57c512a5236175c4052e2e508f0833ea9a68f6d	zlib	outside Windows-x64-MSVC target
247954da5326ecc29724067da7b5880c352fe4ff	Angelscript/Source/AngelscriptCode/Public/source/as_callfunc_ppc.cpp	exact	excluded_platform	-	0327418ef55e757b525fec8327e316aeb4bc9fd175b4897a8955f949f960856a	zlib	outside Windows-x64-MSVC target
247954da5326ecc29724067da7b5880c352fe4ff	Angelscript/Source/AngelscriptCode/Public/source/as_callfunc_sh4.cpp	exact	excluded_platform	-	5ee594f1fa2c9a2455c816f9fca243681ebbccbd430c7d412941b7fd9c4dcbe6	zlib	outside Windows-x64-MSVC target
247954da5326ecc29724067da7b5880c352fe4ff	Angelscript/Source/AngelscriptCode/Public/source/as_callfunc_x64_gcc.cpp	exact	excluded_platform	-	6771b272266bd9ec94da7447ba2b87fd67bb61a1b9ab6a610efd190c7a6020af	zlib	outside Windows-x64-MSVC target
247954da5326ecc29724067da7b5880c352fe4ff	Angelscript/Source/AngelscriptCode/Public/source/as_callfunc_x64_mingw.cpp	exact	excluded_platform	-	71f32bde05843c09c8b677bf3982e3e50e534a8c3fa2c5d9da39654fbdb9b63f	zlib	outside Windows-x64-MSVC target
247954da5326ecc29724067da7b5880c352fe4ff	Angelscript/Source/AngelscriptCode/Public/source/as_callfunc_x64_msvc_asm.asm	exact	excluded_dead_backend	-	80ce4629b71950a8eac291a22d4087ad064386480120c59f1b3b4c755f4657f5	zlib	fork disables this MSVC native-call backend; generic asFunctionCaller path is linked
247954da5326ecc29724067da7b5880c352fe4ff	Angelscript/Source/AngelscriptCode/Public/source/as_callfunc_x64_msvc.cpp	exact	excluded_dead_backend	-	34b20bfe0514abf69da2d1b76a47881cfd1a0dd49dd8b35de7c25cdba38bf70e	zlib	fork disables this MSVC native-call backend; generic asFunctionCaller path is linked
247954da5326ecc29724067da7b5880c352fe4ff	Angelscript/Source/AngelscriptCode/Public/source/as_callfunc_x86.cpp	exact	excluded_platform	-	8ca1ea7b5f2d683018dd0a048b551f5db92cd0b1c0c33ea36eb13464dd03e664	zlib	outside Windows-x64-MSVC target
247954da5326ecc29724067da7b5880c352fe4ff	Angelscript/Source/AngelscriptCode/Public/source/as_callfunc_xenon.cpp	exact	excluded_platform	-	c85240d960372f6ce47cb26ed445d8a3533173982cc980e746bcfed811cfad93	zlib	outside Windows-x64-MSVC target
247954da5326ecc29724067da7b5880c352fe4ff	Angelscript/Source/AngelscriptCode/Public/Preprocessor/AngelscriptPreprocessor.h	exact	semantic_reference_used	-	9ad9a5584961de25e1ba3389eb5084a163eb0c5f851552a6bbdaaea9db94718d	MIT	lexical preprocessing and module-description contract
247954da5326ecc29724067da7b5880c352fe4ff	Angelscript/Source/AngelscriptCode/Private/Preprocessor/Helper_CommentFormat.h	exact	planned_semantic_extraction	-	6859547c3020d95390f93b94752e1ee72b323acabdbc8c339cb830f89fa2b9c7	MIT	future standalone preprocessing implementation
247954da5326ecc29724067da7b5880c352fe4ff	Angelscript/Source/AngelscriptCode/Private/Preprocessor/AngelscriptPreprocessor.cpp	exact	semantic_reference_used	-	7b26a958af6a10f4781270fa49c77a8013817c7d0c3ede751a0cb38874c3bc5d	MIT	lexical condition/import semantics and frontend-setting inventory
247954da5326ecc29724067da7b5880c352fe4ff	Angelscript/Source/AngelscriptCode/Private/StaticJIT/PrecompiledData.h	exact	semantic_reference_used	-	d4430c69887541c24ea5be1dadb7c574817a0e93e773562e9014ba432790b6a1	MIT	exact standalone cache record and field-order reference
247954da5326ecc29724067da7b5880c352fe4ff	Angelscript/Source/AngelscriptCode/Private/StaticJIT/PrecompiledData.cpp	exact	semantic_reference_used	-	ab991816626798d7a7014338880d5a52b8efd14d8dc021c766ab669119f6b521	MIT	conditional serialization and reference-behavior reference
247954da5326ecc29724067da7b5880c352fe4ff	Angelscript/Source/AngelscriptCode/Private/StaticJIT/PrecompiledDataAllocator.h	exact	planned_semantic_extraction	-	aba041cf55e784a6d0142405792939951637f97547b8cacfb967d3ad7111fdfd	MIT	future cache allocation semantics
247954da5326ecc29724067da7b5880c352fe4ff	Angelscript/Source/AngelscriptCode/Private/StaticJIT/StringInArchive.h	exact	semantic_reference_used	-	603b23f82370fb64a82c89e7f56e7bf6118bbf73a47532c094057d0d6856c54e	MIT	exact cache string encoding and validation reference; not vendored
247954da5326ecc29724067da7b5880c352fe4ff	Angelscript/Source/AngelscriptCode/Private/Hash/xxhash.h	exact	semantic_reference_used	-	aa88509ba3c5b7fdc855c55cd59ce0bef5966c78dafd872f9a531ba4721bd0c7	BSD-2-Clause	processed FString CodeHash reference; not vendored; retain in-file notice on any future import
247954da5326ecc29724067da7b5880c352fe4ff	Angelscript/Source/AngelscriptCode/Private/Hash/xxhash.inl	exact	semantic_reference_used	-	37982751eed89252553f7f57eed03c9d493920ca13347efa2a0079bef0c411fd	BSD-2-Clause	exact XXH64 behavior reference; not vendored; retain in-file notice on any future import
247954da5326ecc29724067da7b5880c352fe4ff	Angelscript/Source/AngelscriptCode/Public/AngelscriptManager.h	exact	semantic_reference_used	-	6b7dcaa7711e4ba26b76290dcf4bf0c68c302e7c96c3d27e0a0788dc04ab4bca	MIT	graph-wide phases and source/module manager contract; do not vendor wholesale
247954da5326ecc29724067da7b5880c352fe4ff	Angelscript/Source/AngelscriptCode/Private/AngelscriptManager.cpp	exact	semantic_reference_used	-	98c909dbb87b1551a9d58945bca78171beff7fc587f87069e5dc75d5d6e9e88a	MIT	graph phases source discovery import selection and compiler-setting reference
247954da5326ecc29724067da7b5880c352fe4ff	Angelscript/Source/AngelscriptCode/Public/AngelscriptBinds.h	exact	reference_only	-	a9fe0a7631f29e1b53d781786e5b6f8dfeaae6217cd86cc21d0b8bdb02361976	MIT	bind registration semantics reference; replace with G1R profile
247954da5326ecc29724067da7b5880c352fe4ff	Angelscript/Source/AngelscriptCode/Private/AngelscriptBinds.cpp	exact	reference_only	-	385ea3f7f4417d9657e7620e5461aec220ba5811f384549f84cdf5464dcb376c	MIT	bind registration semantics reference; replace with G1R profile
247954da5326ecc29724067da7b5880c352fe4ff	Angelscript/Source/AngelscriptCode/Public/AngelscriptBindDatabase.h	exact	reference_only	-	402c9b170f03cf9f6ed62f32a4df07ae830706baa7072f84281e7429783a35a6	MIT	bind database semantics reference; replace with G1R profile
247954da5326ecc29724067da7b5880c352fe4ff	Angelscript/Source/AngelscriptCode/Private/AngelscriptBindDatabase.cpp	exact	reference_only	-	17e84eefbd244eff3b959ef094203aa06561d6aa9105085c99639d4bcb28bc47	MIT	bind database semantics reference; replace with G1R profile
247954da5326ecc29724067da7b5880c352fe4ff	Angelscript/Source/AngelscriptCode/Private/Binds/Bind_BlueprintType.cpp	exact	semantic_reference_used	-	edafcd6880d47c07878de6216566cca54057e7842035dddcf17a4dcbda8d42a3	MIT	TSubclassOf TObjectPtr and TWeakObjectPtr template-validator semantics
247954da5326ecc29724067da7b5880c352fe4ff	Angelscript/Source/AngelscriptCode/Private/Binds/Bind_TSoftObjectPtr.cpp	exact	semantic_reference_used	-	973ee6ac934e5310625d880dcccfedc625bdc06f915356ab00870f2661fe2fb1	MIT	TSoftObjectPtr and TSoftClassPtr template-validator semantics
247954da5326ecc29724067da7b5880c352fe4ff	Angelscript/Source/AngelscriptCode/Private/Binds/Bind_TArray.cpp	exact	semantic_reference_used	-	c64848f3f1b0bdcced03ba7d9f193d4c7b90e59bc05333a7597fbb437162917a	MIT	TArray template-validator and type-operation semantics
247954da5326ecc29724067da7b5880c352fe4ff	Angelscript/Source/AngelscriptCode/Private/Binds/Bind_TMap.cpp	exact	semantic_reference_used	-	f63e672dd896f89da09f9c5cb4f94c932c1ce499ee2aa0384cf4fd6235ca9248	MIT	TMap template-validator and hash-fallback semantics
247954da5326ecc29724067da7b5880c352fe4ff	Angelscript/Source/AngelscriptCode/Private/Binds/Bind_TSet.cpp	exact	semantic_reference_used	-	7598586cd8dde99d53df2884e8e3c9c78f25dd87b0426c798dd57e9774bf666e	MIT	TSet template-validator and hash-fallback semantics
247954da5326ecc29724067da7b5880c352fe4ff	Angelscript/Source/AngelscriptCode/Private/Binds/Bind_TOptional.cpp	exact	semantic_reference_used	-	8d3254b25a52b4f8acc9be243ba2ca408ee7779d5f0b231c1860e82adb06f3a1	MIT	TOptional template-validator and dynamic-size semantics
247954da5326ecc29724067da7b5880c352fe4ff	Angelscript/Source/AngelscriptCode/Private/AngelscriptType.cpp	exact	semantic_reference_used	-	04c9fd6ae1fc6e97912aa393de19357760810902f0045c1384f94e5e90682f19	MIT	FromTypeId primitive application script object struct enum and template recursion semantics
247954da5326ecc29724067da7b5880c352fe4ff	Angelscript/Source/AngelscriptCode/Public/AngelscriptType.h	exact	semantic_reference_used	-	801edbfbb175bde2f6ec092a5d3b45527c6a417578a2bd02d3ffdd1f18aba7b1	MIT	FAngelscriptType operation defaults and usage guards
247954da5326ecc29724067da7b5880c352fe4ff	Angelscript/Source/AngelscriptCode/Private/Binds/Bind_Primitives.cpp	exact	semantic_reference_used	-	9cf30fd025e186ee3039c4c61d6cca179809c0df6358aa39839ecd1e668fe533	MIT	primitive identity aliases and fixed operation traits
247954da5326ecc29724067da7b5880c352fe4ff	Angelscript/Source/AngelscriptCode/Public/AngelscriptBinds/Helper_PODType.h	exact	semantic_reference_used	-	f4aa029cbbf6935383887db962f0db1fb70ba4d52a930142cd24b771aaa04eaf	MIT	POD construct destruct copy compare hash size and alignment traits
247954da5326ecc29724067da7b5880c352fe4ff	Angelscript/Source/AngelscriptCode/Private/Binds/Bind_UStruct.cpp	exact	semantic_reference_used	-	3893261fd43b0344c4617428455d11e500bf537500150e6a45a2611ddbf7ee49	MIT	script struct dynamic operation formula
247954da5326ecc29724067da7b5880c352fe4ff	Angelscript/Source/AngelscriptCode/Private/Binds/Bind_UEnum.cpp	exact	semantic_reference_used	-	a2b599ed1e9cca4008d4dca7e103fd39ba9d95b9fc8e02630ded22a82d8e651a	MIT	script enum dynamic operation formula
247954da5326ecc29724067da7b5880c352fe4ff	Angelscript/Source/AngelscriptCode/Private/Binds/Helper_CppType.h	exact	semantic_reference_used	-	4c9cb3d5cd19e830415027cd7c2859f77eafbd83edac9b0fffa3774a5344270b	MIT	delegate fixed CppType operation traits
247954da5326ecc29724067da7b5880c352fe4ff	Angelscript/Source/AngelscriptCode/Private/Binds/Bind_Delegates.cpp	exact	semantic_reference_used	-	29fedba02551be738b00d2675dcc7e3ea4e5874a726eac1cad15e1862075b514	MIT	script delegate and multicast classification semantics
247954da5326ecc29724067da7b5880c352fe4ff	Angelscript/Source/AngelscriptCode/Private/Binds/Bind_BlueprintEvent.cpp	exact	semantic_reference_used	-	a6ff693e267d1821c4ae81083582163da02205787d9e9ef1e464a4a4dd6fb563	MIT	blueprint-event argument specialization and wrapper suffix semantics
247954da5326ecc29724067da7b5880c352fe4ff	Angelscript/Source/AngelscriptCode/Public/AngelscriptSettings.h	exact	semantic_reference_used	-	bac79307de287e9669383be902d7ffa19e3f404eb93c43df9c270916ebfd5c76	MIT	frontend default settings and source discovery contract
247954da5326ecc29724067da7b5880c352fe4ff	Angelscript/Source/AngelscriptCode/Public/AngelscriptCodeModule.h	exact	reference_only	-	1cf21069c580791ff6d809ebfb43252ce75a31ea920c0cf74d7c6ea48b26cacd	MIT	preprocessor and class-analyze hook inventory
247954da5326ecc29724067da7b5880c352fe4ff	Angelscript/Source/AngelscriptCode/Private/AngelscriptCodeModule.cpp	exact	reference_only	-	d956a559d68bd80f8da0caec4352db8ebdc3412d5f312913101b5e7d320bffae	MIT	preprocessor and class-analyze hook inventory
247954da5326ecc29724067da7b5880c352fe4ff	Angelscript/Source/AngelscriptCode/Private/angelscript.cpp	exact	reference_only	-	bfe37734a2169193c02d6f43a803a39952c18755f3f9c5aa1a4362a718cecaf4	MIT	UObject type bridge reference; standalone replacement required
247954da5326ecc29724067da7b5880c352fe4ff	Angelscript/Source/AngelscriptCode/Public/ClassGenerator/	prefix	planned_semantic_review	-	-	MIT	class/struct generation semantics need a UE-free object model
247954da5326ecc29724067da7b5880c352fe4ff	Angelscript/Source/AngelscriptCode/Private/ClassGenerator/	prefix	planned_semantic_review	-	-	MIT	class/struct generation semantics need a UE-free object model
247954da5326ecc29724067da7b5880c352fe4ff	Angelscript/Source/AngelscriptEditor/	prefix	excluded_ue_subsystem	-	-	MIT	editor-only Unreal integration
247954da5326ecc29724067da7b5880c352fe4ff	Angelscript/Source/AngelscriptLoader/	prefix	excluded_ue_subsystem	-	-	MIT	Unreal module loader
247954da5326ecc29724067da7b5880c352fe4ff	Angelscript/Source/AngelscriptNativeBinds/	prefix	excluded_ue_subsystem	-	-	MIT	broad engine-native bindings are replaced by a sealed G1R profile
247954da5326ecc29724067da7b5880c352fe4ff	Angelscript/Source/AngelscriptNativeBindsEditor/	prefix	excluded_ue_subsystem	-	-	MIT	editor-only engine-native bindings
247954da5326ecc29724067da7b5880c352fe4ff	AngelscriptHeaderTool/	prefix	excluded_ue_subsystem	-	-	MIT	Unreal header tool plugin and generated artifacts
247954da5326ecc29724067da7b5880c352fe4ff	Angelscript/Source/AngelscriptCode/Public/AngelscriptBinds/	prefix	excluded_ue_subsystem	-	-	MIT	UE type bindings are replaced by a sealed G1R profile
247954da5326ecc29724067da7b5880c352fe4ff	Angelscript/Source/AngelscriptCode/Private/Binds/	prefix	excluded_ue_subsystem	-	-	MIT	UE type bindings are replaced by a sealed G1R profile
247954da5326ecc29724067da7b5880c352fe4ff	Angelscript/Source/AngelscriptCode/Private/FunctionCallers/	prefix	excluded_ue_subsystem	-	-	MIT	generated UE native-call bridge is not needed for compile-only core
247954da5326ecc29724067da7b5880c352fe4ff	Angelscript/Source/AngelscriptCode/Public/FunctionLibraries/	prefix	excluded_ue_subsystem	-	-	MIT	game/engine runtime helper API
247954da5326ecc29724067da7b5880c352fe4ff	Angelscript/Source/AngelscriptCode/Private/FunctionLibraries/	prefix	excluded_ue_subsystem	-	-	MIT	game/engine runtime helper implementation
247954da5326ecc29724067da7b5880c352fe4ff	Angelscript/Source/AngelscriptCode/Private/Debugging/	prefix	excluded_ue_subsystem	-	-	MIT	Unreal runtime debug server
247954da5326ecc29724067da7b5880c352fe4ff	Angelscript/Source/AngelscriptCode/Private/CodeCoverage/	prefix	excluded_ue_subsystem	-	-	MIT	Unreal runtime coverage integration
247954da5326ecc29724067da7b5880c352fe4ff	Angelscript/Source/AngelscriptCode/Private/Testing/	prefix	excluded_ue_subsystem	-	-	MIT	Unreal automation test harness
247954da5326ecc29724067da7b5880c352fe4ff	Angelscript/Source/AngelscriptCode/Private/Tests/	prefix	excluded_ue_subsystem	-	-	MIT	Unreal automation tests
